width,relfrob
10.0,0.7595216502559423
50.0,0.24464633973792335
100.0,0.25435515660634683
200.0,0.16687384963264462
500.0,0.1261071073304077
1000.0,0.10117594990113112
